TVD,Northing,Easting
5364.12,-31.15,-62.57
5407.093567,-31.93592002,-63.85599889
5438.070004,-31.16057215,-63.9688721
5443.059423,-30.84626866,-63.89008262
5448.052778,-30.59008653,-63.881243
5453.046307,-30.34824913,-63.95529502
5458.036119,-30.0724891,-64.11349568
5712.999958,205.8881787,-203.2265553
