TVD,Northing,Easting
7259.053954,3560.912045,-5359.842956
7257.404219,3613.935196,-5438.645197
7257.180379,3667.613515,-5517.025734
7257.352644,3719.979926,-5595.087537
7256.565181,3772.009194,-5673.368245
7254.111531,3824.680921,-5752.390995
7251.060534,3876.917865,-5830.480572
7248.840716,3930.223273,-5910.287971
7247.671807,3982.584064,-5989.546688
7246.064088,4034.376158,-6067.97437
7244.441058,4075.9035,-6130.407099
