TVD,Northing,Easting
6836.850776,103.4488902,-259.8321768
7031.154832,1919.139522,-2855.967589
6963.990193,5068.985364,-7580.087482
7244.441058,4075.9035,-6130.407099